标题,报告类型,发布日期,机构
粤开市场日报,策略,2024-05-22,粤开证券股份有限公司
阳光电源(300274)：光储双轮驱动 龙头昂扬奋发,创业板,2024-05-22,平安证券股份有限公司
碳中和深度报告(十三)：发展提速 核电彰显高景气度,行业,2024-05-22,光大证券股份有限公司
银发经济系列(二)：把脉政策：从关键词看银发经济投资机会*中性,行业,2024-05-22,平安证券股份有限公司
维生素行业深度报告：供需优化 看好维生素景气上行,行业,2024-05-22,浙商证券股份有限公司
菲利华(300395)：市场需求短期承压 业务布局加快拓展,创业板,2024-05-22,中邮证券有限责任公司
立中集团(300428)：免热合金再下一城 国产化的历史突破,创业板,2024-05-22,中邮证券有限责任公司
数码家电行业周度市场观察2024年第21周,行业,2024-05-22,上海艾瑞市场咨询股份有限公司
中金黄金(600489)：业绩符合预期 金铜价高位驱动利润增长,公司,2024-05-22,中邮证券有限责任公司
上证综指ETF投资价值分析：当前风格下上证综指综合评价超越沪...,基金,2024-05-22,华西证券股份有限公司
大盘风格继续占优：盛夏将至 保持积极,策略,2024-05-22,东兴证券股份有限公司
深度*公司*键凯科技(688356)：拐点已至 期待未来,公司,2024-05-22,中银国际证券股份有限公司
策略研究：产能过剩时行情如何演绎？13年~15年黑色产能过剩...,策略,2024-05-22,西南证券股份有限公司
蓝黛科技(002765)：23年业绩承压 触控及传动业务协同增长,公司,2024-05-22,天风证券股份有限公司
食品饮料行业周报：地产政策优化 助推白酒需求释放,行业,2024-05-22,湘财证券股份有限公司
乐鑫科技(688018)：次新类和新品并驾齐驱 长期成长动能强劲,公司,2024-05-22,华鑫证券有限责任公司
商贸零售行业2023年报和2024年一季报总结：可选消费持续...,行业,2024-05-22,东兴证券股份有限公司
宏观动态报告：涨价潮来袭 通胀交易到了么？,宏观,2024-05-22,中信建投证券股份有限公司
汽车行业理想汽车公布2024Q1财报：Q1业绩承压 Q2交付...,行业,2024-05-22,财通证券股份有限公司
每日报告回放,策略,2024-05-22,国泰君安证券股份有限公司
工程机械行业2023年报&2024一季报总结：海外市占率提升...,行业,2024-05-22,浙商证券股份有限公司
蓝思科技(300433)：消费电子外观件龙头 系统组装及新能源助腾飞,创业板,2024-05-22,中国国际金融股份有限公司
太阳纸业(002078)：1Q24盈利提升 计划实施南宁二期项目,公司,2024-05-22,海通证券股份有限公司
航空公司行业跟踪报告：4月行业需求有所回落,行业,2024-05-22,海通证券股份有限公司
共创草坪(605099)：Q1盈利表现较好 越南三期开工建设,公司,2024-05-22,海通证券股份有限公司
固定收益周报：零售表现低于预期 美债收益率下行,债券,2024-05-22,上海证券有限责任公司
宏观数据：经济平稳向好 投资有待平稳发力,宏观,2024-05-22,上海证券有限责任公司
电子行业点评报告：微软重塑AIPC COPILOT迎重大升级,行业,2024-05-22,东吴证券股份有限公司
电力设备及新能源行业月报：4月新能源车&锂电市场表现平稳 马...,行业,2024-05-22,长城证券股份有限公司
区域经济研究系列之二：广西地区基本面观察,债券,2024-05-22,西部证券股份有限公司
金属与材料行业点评：加息落幕 资源为王,行业,2024-05-22,天风证券股份有限公司
人工智能：OPENAI发布GPT-4O 谷歌改进GEMINI模型,行业,2024-05-22,中信建投证券股份有限公司
环保公用行业周报：《电力市场运行基本规则》印发 全国统一电力...,行业,2024-05-22,湘财证券股份有限公司
神州数码(000034)：硅光+液冷 神州鲲泰打造节能智算架构,公司,2024-05-22,长江证券股份有限公司
传媒行业AI应用系列专题(三)：AI AGENT场景广泛 有...,行业,2024-05-22,广发证券股份有限公司
晨会焦点,晨报,2024-05-22,中国国际金融股份有限公司
2024年第20周计算机行业周报：关键词：国产算力、GPT-4O,行业,2024-05-22,长江证券股份有限公司
电池行业锂电板块2023年及2024Q1总结：2023年营收...,行业,2024-05-22,财通证券股份有限公司
新乳业(002946)：内生效益明显 料全年利润率提升展望积极,公司,2024-05-22,中国国际金融股份有限公司
互联网行业周报：OPENAI发布GPT-4O 多家互联网公司一季报超预期,行业,2024-05-22,招商证券股份有限公司
干散货运系列(一)：市场何时反转？,行业,2024-05-22,广发证券股份有限公司
4月保费点评：寿险保费增速走扩 地产政策边际改善利好板块估值,行业,2024-05-22,广发证券股份有限公司
国防军工行业：北京发布低空经济行动方案 低空经济竞赛提速,行业,2024-05-22,湘财证券股份有限公司
4月煤炭数据公布 板块出现企稳迹象,行业,2024-05-22,国新证券股份有限公司
政策点评：地产政策“多箭齐发” 助力经济回升向好,宏观,2024-05-22,国新证券股份有限公司
交通运输物流：大宗供应链行业或现边际回暖 看好龙头公司,行业,2024-05-22,中国国际金融股份有限公司
磁材行业周报：上周板块下跌 新增需求有限及短期累库下稀土永磁...,行业,2024-05-22,湘财证券股份有限公司
博汇纸业(600966)：江苏项目建设推进 新产品产业化加速,公司,2024-05-22,海通证券股份有限公司
公牛集团(603195)：Q1维持高增 推动装饰渠道旗舰店建设,公司,2024-05-22,海通证券股份有限公司
电子行业深度报告：GB200引领算力提升 玻璃基板成为芯片封...,行业,2024-05-22,东吴证券股份有限公司
农业周报(第20期)：猪价现趋势性上涨 重视养殖板块的周期性...,行业,2024-05-22,太平洋证券股份有限公司
医药行业深度研究：行业短期承压 静待需求改善,行业,2024-05-22,太平洋证券股份有限公司
寒武纪-U(688256)首次覆盖报告：预期差较大的国产AI芯片引领者,公司,2024-05-22,民生证券股份有限公司
医疗器械行业重大事项点评：关节续标结果点评：价格温和 国产份...,行业,2024-05-22,华创证券有限责任公司
汽车行业月报：新能源4月月报：4月行业产批零符合预期 新能源...,行业,2024-05-22,东吴证券股份有限公司
氢能&燃料电池行业研究：FCV装机持续增长 绿氢大项目招标陆...,行业,2024-05-22,国金证券股份有限公司
基金研究：春风得意马蹄疾 港股央企红利风再起,基金,2024-05-22,天风证券股份有限公司
黄金周报：美国通胀降温 黄金价格持续大幅上涨,行业,2024-05-22,东方金诚国际信用评估有限公司
医疗器械行业行业点评：关节接续采购中选结果公布 国产头部企业...,行业,2024-05-22,国金证券股份有限公司
2024年4月地方债发行情况分析：4月新增专项债发行进度仍然偏缓,债券,2024-05-22,东方金诚国际信用评估有限公司
晨会纪要,晨报,2024-05-22,东海证券股份有限公司
医药生物行业研究：原料药板块2024Q1跟踪报告：VB1价格...,行业,2024-05-22,西南证券股份有限公司
汽车与零配件行业信息点评：上海试点智能网联汽车等跨境数据传输,行业,2024-05-22,海通证券股份有限公司
4月财政数据点评：广义财政收支下滑,债券,2024-05-22,中泰证券股份有限公司
中天科技(600522)：业绩短期波动 海洋业务在手订单充足,公司,2024-05-22,中泰证券股份有限公司
晨会纪要,晨报,2024-05-22,国海证券股份有限公司
橡胶行业：天然橡胶投资框架及热点问题探究,行业,2024-05-22,中泰证券股份有限公司
医药生物行业5月月报暨年报／一季报总结：影响出清 拐点在即；...,行业,2024-05-22,中泰证券股份有限公司
每日晨报：弱势整理缩量回调,晨报,2024-05-22,国新证券股份有限公司
索辰科技(688507)：营收结构持续优化 民用、机器人两大...,公司,2024-05-22,中泰证券股份有限公司
策略点评：从资金结构理解当下港股行情,策略,2024-05-22,华福证券有限责任公司
华龙内参2024年第91期 总第1650期(电子版)：缩量调...,策略,2024-05-22,华龙证券股份有限公司
5月21日信用债异常成交跟踪,债券,2024-05-22,国投证券股份有限公司
快递行业4月数据点评：件量增速超预期 价格依旧处于底部区域,行业,2024-05-22,东兴证券股份有限公司
家用电器研究双周报：白电景气延续 配置价值凸显,行业,2024-05-22,光大证券股份有限公司
方正科技(600601)：PCB行业先行者 重整焕发新生,公司,2024-05-22,东北证券股份有限公司
石油石化行业2023年报与2024年一季报总结：油价维持偏强...,行业,2024-05-22,中泰证券股份有限公司
煤炭行业：供给克制 需求共振 攻守兼备买煤炭,行业,2024-05-22,中泰证券股份有限公司
医药行业：人工关节国采续约结果点评：国产头部企业中选结果积极,行业,2024-05-22,国泰君安证券股份有限公司
A股策略周报：稳地产政策对于A股正向作用即将凸显,策略,2024-05-22,东方财富证券股份有限公司
鑫新闻,策略,2024-05-22,银泰证券有限责任公司
晨会纪要,晨报,2024-05-22,财达证券股份有限公司
总量周报：转债市场成交额持续上升,债券,2024-05-22,中银国际证券股份有限公司
电子行业研究：太平洋电子周报,行业,2024-05-22,太平洋证券股份有限公司
银河证券每日晨报,晨报,2024-05-22,中国银河证券股份有限公司
机械设备行业周报：房地产政策持续发力 利好工程机械内需改善,行业,2024-05-22,甬兴证券有限公司
建材行业周报：地产链行情有望延续 短期建议关注补涨品种,行业,2024-05-22,甬兴证券有限公司
债市周报(5.13-5.19)：债券市场周度跟踪,债券,2024-05-22,中信建投证券股份有限公司
计算机行业周报：龙头企业持续迭代大模型 人工智能板块有望受益,行业,2024-05-22,甬兴证券有限公司
电子行业存储芯片周度跟踪：NAND／DRAM价格小幅波动 H...,行业,2024-05-22,甬兴证券有限公司
电力设备行业固态电池系列报告(1)：锂电周期将起 固态体系升级,行业,2024-05-22,甬兴证券有限公司
晨会,晨报,2024-05-22,万联证券股份有限公司
盛视早参：指数上行格局不变 轮动中寻找波段机会,晨报,2024-05-22,国盛证券有限责任公司
计算机行业：政策加码叠加财政发力 信创产业迎来拐点,行业,2024-05-22,中国银河证券股份有限公司
宏观数据跟踪：中国财政系列一：支出强于收入 财政延续稳增长,宏观,2024-05-22,华泰期货有限公司
国泰君安晨报,晨报,2024-05-22,国泰君安证券股份有限公司
汽车行业深度报告：比较研究系列：中高端混动SUV竞争格局更好,行业,2024-05-22,平安证券股份有限公司
资管机构产品配置观察(第41期)：债基久期回落 理财破净率上升,债券,2024-05-22,国信证券股份有限公司
信创行业跟踪点评：第二批安全可靠测评结果公布 信创迎复苏迹象,行业,2024-05-22,招商证券股份有限公司
晨报摘要,晨报,2024-05-22,国泰君安证券股份有限公司
金融市场流动性与监管动态周报：美联储降息预期再度升温 A50...,策略,2024-05-22,招商证券股份有限公司
璞泰来(603659)：涂覆隔膜业务量利齐升 负极业务有望改善,公司,2024-05-22,招商证券股份有限公司
姚记科技(002605)：坚持“大娱乐”战略 休闲游戏龙头不...,公司,2024-05-22,招商证券股份有限公司
晨会报告,晨报,2024-05-22,国信证券股份有限公司
晨会纪要,晨报,2024-05-22,西部证券股份有限公司
申万宏源晨会报告,晨报,2024-05-22,上海申银万国证券研究所有限公司
宏观大类日报：市场演绎过山车行情 工业品后续趋势仍乐观,宏观,2024-05-22,华泰期货有限公司
医药行业重点公司2023年年报／2024年一季报总结暨投资展...,行业,2024-05-22,首创证券股份有限公司
房地产行业动态点评：二线迅速落地信贷政策助力市场修复,行业,2024-05-22,华泰证券股份有限公司
康辰药业(603590)公司简评报告：核心产品快速增长 创新...,公司,2024-05-22,首创证券股份有限公司
朝闻国盛：低空经济专题二：政策密集出台 推动低空产业化落地,晨报,2024-05-22,国盛证券有限责任公司
新材料行业点评报告：底部显现 静待修复,行业,2024-05-22,开源证券股份有限公司
传媒行业快报：5月游戏版号发布 IP改编引领游戏热潮,行业,2024-05-22,华金证券股份有限公司
设备更新专题系列一：三大要素催化 设备更新主题有望贯穿全年,行业,2024-05-22,开源证券股份有限公司
汽车行业深度报告：汽车外观造型系列：自主车型造型设计的全方位...,行业,2024-05-22,国海证券股份有限公司
医药行业：替尔泊肽降糖适应症国内获批 产业链催化不断,行业,2024-05-22,国泰君安证券股份有限公司
晨会聚焦,晨报,2024-05-22,中原证券股份有限公司
见微知著系列之七十六：工业品涨价的“复苏”逻辑,宏观,2024-05-22,国金证券股份有限公司
芒果超媒(300413)：《歌手2024》热度超预期 关注后...,创业板,2024-05-22,德邦证券股份有限公司
珠海冠宇(688772)：重视消费领域新产品的电池引致需求,公司,2024-05-22,国泰君安证券股份有限公司
医药行业：集采提质扩面 创新药受影响有限,行业,2024-05-22,国泰君安证券股份有限公司
金属与材料行业专题研究：23&24Q1总结：资源端金&铜领涨...,行业,2024-05-22,天风证券股份有限公司
产业观察：氢周一见：美国财政部对PLUG POWER提供16.6亿美元贷款,策略,2024-05-22,国泰君安证券股份有限公司
中国东航(600115)：经济复苏 有望释放盈利弹性,公司,2024-05-22,天风证券股份有限公司
军工行业：北京军博会开幕 美澳推出新型UUV,行业,2024-05-22,国泰君安证券股份有限公司
浙商早知道,晨报,2024-05-22,浙商证券股份有限公司
财富通每日策略,策略,2024-05-22,东莞证券股份有限公司
资产配置日报：尾盘资金转松 红利板块再受青睐,宏观,2024-05-21,华西证券股份有限公司
地缘对航运影响深度：子版块共振 油散集航运市场分析展望,行业,2024-05-21,上海申银万国证券研究所有限公司
石油石化行业报告：原油价格近期有所回落 长期有望高位震荡,行业,2024-05-21,湘财证券股份有限公司
债券日报：转债市场日度跟踪,债券,2024-05-21,华创证券有限责任公司
商业航天产业每周跟踪：我国液体火箭研制持续突破 手机直连卫星...,行业,2024-05-21,中信建投证券股份有限公司
4月财政数据点评：前4月税收收入可比增长0.5%,宏观,2024-05-21,长城证券股份有限公司
低空经济行业跟踪报告(一)：亿航智能EH216-S获得CAA...,行业,2024-05-21,光大证券股份有限公司
电子元器件行业：COPILOT智能升级 AI终端时代来临,行业,2024-05-21,国泰君安证券股份有限公司
固定收益专题报告：收储的本质是缓释资产流动性风险,债券,2024-05-21,国金证券股份有限公司
华创医疗器械随笔系列7：振德医疗并购分析,行业,2024-05-21,华创证券有限责任公司
博雅生物(300294)：聚焦主业轻装上阵 浆站扩张未来可期,创业板,2024-05-21,华安证券股份有限公司
深度*行业*交通运输行业周报：石油产量增长油轮收益或持续可观...,行业,2024-05-21,中银国际证券股份有限公司
山高环能(000803)：费用高企压制业绩 静待定向增发落地,公司,2024-05-21,华创证券有限责任公司
探索CCUS系列(二)：CCUS成本的决定性因素与盈利性分析,行业,2024-05-21,长江证券股份有限公司
从ABS看消费贷款资产质量：1Q24消费贷出表较慢 资产质量有所恶化,行业,2024-05-21,招商证券股份有限公司
迪哲医药(688192)：立足全球的差异化创新药企业,公司,2024-05-21,华西证券股份有限公司
应流股份(603308)：铸造能力为基 “两业两机”双翼齐飞...,公司,2024-05-21,天风证券股份有限公司
债券日报：数据话城投系列之六：地方经济财政债务一览,债券,2024-05-21,华创证券有限责任公司
北鼎股份(300824)：Q1业绩符合预期 海外自主品牌业务表现亮眼,创业板,2024-05-21,中信建投证券股份有限公司
海目星(688559)：中红外飞秒激光获突破 医疗医美领域前景广阔,公司,2024-05-21,中国国际金融股份有限公司
医疗服务行业周报：CXO业绩分化 扩张放缓有助产能消化,行业,2024-05-21,湘财证券股份有限公司
医药行业研究：拜耳ELINZANETANT三期临床结果积极 用于治疗VMS,行业,2024-05-21,太平洋证券股份有限公司
美邦科技(832471)：主业触底反转将至 厚积薄发冲刺合成生物赛道,公司,2024-05-21,西南证券股份有限公司
北交所周报：“920”第一股万达轴承将申购 长期看好北交所发展,策略,2024-05-21,西南证券股份有限公司
大类资产风险定价周度观察：24年5月第4周,宏观,2024-05-21,天风证券股份有限公司
机床设备行业2023年年报及2024年一季报总结：出海高景气...,行业,2024-05-21,国投证券股份有限公司
伊利股份(600887)：重视各方利益 淡季调整蓄势,公司,2024-05-21,招商证券股份有限公司
海容冷链(603187)：Q1业绩略承压 中长期增长逻辑不变,公司,2024-05-21,中信建投证券股份有限公司
半导体行业研究周报：四大拐点或现 旗帜鲜明看多大陆晶圆代工,行业,2024-05-21,天风证券股份有限公司
基础化工行业周报：夏季化肥市场延续偏强走势 超长期特别国债拉...,行业,2024-05-21,华龙证券股份有限公司
固收专题：城投年报二十三个指标全梳理,债券,2024-05-21,中邮证券有限责任公司
策略周报：白马股逆袭与重返核心资产 重拾价值投资 淡化行业属性,策略,2024-05-21,华宝证券股份有限公司
ETF日报,基金,2024-05-21,宏信证券有限责任公司
博彦科技(002649)：微软金牌合作伙伴 共建鸿蒙新生态,公司,2024-05-21,中邮证券有限责任公司
并行科技(839493)：超算云服务龙头 迎行业春风,公司,2024-05-21,东吴证券股份有限公司
濮耐股份(002225)：国内耐材出海先行者 矿山有望打开成长空间,公司,2024-05-21,光大证券股份有限公司
固定收益：增量资金推动广义基金大幅增持,债券,2024-05-21,国新证券股份有限公司
电力设备行业2023年报&2024年一季报业绩综述,行业,2024-05-21,国新证券股份有限公司
锂电池行业周报,行业,2024-05-21,国新证券股份有限公司
2024年4月份社会消费品零售总额增长2.3%,行业,2024-05-21,国新证券股份有限公司
国资央企并购周度观察第20期,策略,2024-05-21,国新证券股份有限公司
房地产市场一揽子救市政策解读：改善预期 增强信心,宏观,2024-05-21,国新证券股份有限公司
可转债数据点评,债券,2024-05-21,国新证券股份有限公司
传媒行业事件点评：5月96款游戏获批版号 关注休闲类赛道机会,行业,2024-05-21,东莞证券股份有限公司
和林微纳(688661)首次覆盖报告：国产半导体探针龙头企业...,公司,2024-05-21,国盛证券有限责任公司
东兴晨报,晨报,2024-05-21,东兴证券股份有限公司
银行业跟踪：稳地产政策加码 资产质量预期边际改善,行业,2024-05-21,东兴证券股份有限公司
MR系列跟踪(15)：苹果VISIONPRO已通过中国3C认...,行业,2024-05-21,长江证券股份有限公司
今日视点：资源助攻股指上行 权重指数再创新高,策略,2024-05-21,爱建证券有限责任公司
华特气体(688268)更新报告：下游景气度拖累营收 扩品拓...,公司,2024-05-21,国泰君安证券股份有限公司
西子洁能(002534)：计提资产减值拉低23年利润 在手订...,公司,2024-05-21,德邦证券股份有限公司
客车5月月报：4月国内座位客车出口需求超预期,行业,2024-05-21,东吴证券股份有限公司
电子行业周报：NVIDIA业绩前瞻 算力永不眠,行业,2024-05-21,民生证券股份有限公司
行业信息跟踪：4月快递业务量保持较优增速 光伏逆变器出口环比...,策略,2024-05-21,民生证券股份有限公司
2024年5月金融经济数据点评,宏观,2024-05-21,红塔期货有限责任公司
房地产周报：重磅政策频出 销售仍待改善,行业,2024-05-21,东兴证券股份有限公司
国防军工：低空经济：北京南京持续加码 有望百花齐放,行业,2024-05-21,浙商证券股份有限公司
通信行业周报：量子计算产业持续突破 低空经济政策频发 持续看...,行业,2024-05-21,长城证券股份有限公司
2023年及2024Q1医疗服务板块总结：关注严肃医疗刚性需...,行业,2024-05-21,招商证券股份有限公司
国轩高科(002074)：发布全固态电池等重磅新品 产品矩阵...,公司,2024-05-21,东兴证券股份有限公司
北向资金行为跟踪系列一百零五：流入金融板块,策略,2024-05-21,东兴证券股份有限公司
公用&电新行业：本周(5.13-5.17)研究汇总和数据跟踪,行业,2024-05-21,长城证券股份有限公司
非银行金融行业跟踪：地产利好政策加速落地 险企投资端风险有望...,行业,2024-05-21,东兴证券股份有限公司
4月财政数据分析：掠过财政的“洼地”,宏观,2024-05-21,中国银河证券股份有限公司
公用事业行业：欧美天然气补库稳步进行；天然气期货价格上涨,行业,2024-05-21,东方证券股份有限公司
先达股份(603086)：创制药吡唑喹草酯通过登记评审 公司...,公司,2024-05-21,光大证券股份有限公司
房地产行业：政策组合拳支持去库存；变化才刚刚开始,行业,2024-05-21,国泰君安国际控股有限公司
非银金融行业周报：楼市组合拳提升市场信心 关注非银板块Β配置...,行业,2024-05-21,东海证券股份有限公司
机械设备行业周报：轨交设备国内迎机遇 消费设备海外拓品类,行业,2024-05-21,东海证券股份有限公司
非银金融行业周报：楼市组合拳提升市场信心 关注非银板块Β配置...,行业,2024-05-21,东海证券股份有限公司
机械设备行业周报：轨交设备国内迎机遇 消费设备海外拓品类,行业,2024-05-21,东海证券股份有限公司
轻工制造行业周报(24年第20周)：地产迎诸多利好政策 关注...,行业,2024-05-21,国信证券股份有限公司
2024年4月房地产行业运行情况报告：需求端政策三连发 对行...,行业,2024-05-21,东方金诚国际信用评估有限公司
晨报摘要,晨报,2024-05-21,国泰君安证券股份有限公司
康泰生物(300601)：2023年扭亏为盈 人二倍体狂苗销售值得期待,创业板,2024-05-21,天风证券股份有限公司
家电行业周报(24年第20周)：地产政策有望提振家电估值 4...,行业,2024-05-21,国信证券股份有限公司
科达利(002850)：投建美国基地 加速海外布局,公司,2024-05-21,华泰证券股份有限公司
建筑材料行业研究：地产政策多箭齐发 去库存关注建材竣工端,行业,2024-05-21,上海证券有限责任公司
政策研究报告：CHIPLET引领产业新范式 集成电路从设计、...,宏观,2024-05-21,海通证券股份有限公司
互联网传媒行业周报：OPENAI发布最新旗舰大模型GPT-4...,行业,2024-05-21,上海证券有限责任公司
鸿合科技(002955)：海外自有品牌加速拓展,公司,2024-05-21,天风证券股份有限公司
新能源板块行业月报：4月逆变器出口德语区环比修复 印巴新兴市...,行业,2024-05-21,海通证券股份有限公司
宏观伴读系列(17)：就业与通勤,宏观,2024-05-21,东方证券股份有限公司
信用债周报：净融资环比上升 信用利差被动走阔,债券,2024-05-21,湘财证券股份有限公司
新能源板块行业周报：南京举办低空经济发展大会 北京低空经济产...,行业,2024-05-21,海通证券股份有限公司
医药生物周报(24年第20周)：生物安全法案议程持续推进 密...,行业,2024-05-21,国信证券股份有限公司
深度*公司*聚辰股份(688123)：DDR5加速渗透驱动S...,公司,2024-05-21,中银国际证券股份有限公司
每日报告回放,策略,2024-05-21,国泰君安证券股份有限公司
三大工程与城投化债周报：地产政策加码 保障性住房再贷款落地,债券,2024-05-21,太平洋证券股份有限公司
商业贸易行业周报：4月社零3.6万亿增2.3% 可选消费品承压,行业,2024-05-21,海通国际证券集团有限公司
奥普家居(603551)首次覆盖报告：引领浴霸行业的开创者 ...,公司,2024-05-21,西部证券股份有限公司
黄金：遥遥领先的预言,行业,2024-05-21,国联证券股份有限公司
康龙化成(300759)：出售境外参股股权 现金流强化,创业板,2024-05-21,浙商证券股份有限公司
铁矿行业周度报告：到港量增长明显 港口库存高企 矿价震荡偏弱,行业,2024-05-21,华宝证券股份有限公司
4月社零报告专题：假日错月叠加高基数 4月社零弱复苏,行业,2024-05-21,东海证券股份有限公司
中国核电(601985)：绿电自我造血 看好核电稳定运营和持续成长,公司,2024-05-21,天风证券股份有限公司
4月份经济数据及517地产政策解读：扩内需重在稳地产 政策加...,策略,2024-05-21,大同证券有限责任公司
市场日报：三大指数收红 市场延续上行趋势,策略,2024-05-21,大同证券有限责任公司
摩托车行业深度报告：中国摩托车加速奔向全球市场,行业,2024-05-21,浙商证券股份有限公司
三联虹普(300384)：PA66产业机会逐步成型 打造轻量化消费新场景,创业板,2024-05-21,天风证券股份有限公司
钟摆的另一端：美国从二胀到衰退担忧,策略,2024-05-21,华鑫证券有限责任公司
美妆&零售板块周报：618大促首次取消预售 看好国货美妆持续...,行业,2024-05-21,德邦证券股份有限公司
安井食品(603345)：提质增效 打造区域爆品,公司,2024-05-21,华鑫证券有限责任公司
海目星(688559)：中红外飞秒激光技术重大突破 开启医疗...,公司,2024-05-21,海通证券股份有限公司
周度经济观察：如何理解地产政策的变化,宏观,2024-05-21,国投证券股份有限公司
基金研究双周报：多只绩优基金暂停大额申购 A股首个量化交易法...,基金,2024-05-21,国元证券股份有限公司
通用股份(601500)：前瞻布局海外工厂 把握出口高度景气,公司,2024-05-21,东北证券股份有限公司
公募基金市场周报,基金,2024-05-21,国金证券股份有限公司
海目星(688559)：中红外飞秒激光技术取得突破 医疗应用值得期待,公司,2024-05-21,东北证券股份有限公司
公募基础设施REITS周报,基金,2024-05-21,国金证券股份有限公司
总量的视野：电话会议纪要,策略,2024-05-21,招商证券股份有限公司
软通动力(301236)首次覆盖：全面的数字技术服务提供商 ...,创业板,2024-05-21,西部证券股份有限公司
ETF基金跟踪周报(2024年第十八期),基金,2024-05-21,国泰君安证券股份有限公司
中债策略周报,债券,2024-05-21,浙商国际金融控股有限公司
交通运输行业周报：国家推动现代旅游业体系加快建设 马来西亚简...,行业,2024-05-21,中国银河证券股份有限公司
宏观动态点评：4月财政收支均偏弱、专项债发行暂时滞后,宏观,2024-05-21,华泰证券股份有限公司
2024年中国低空经济前景研究报告：垂直起降,策略,2024-05-21,上海艾瑞市场咨询股份有限公司
卧龙电驱(600580)：红相减值拖累公司业绩 低空经济产业...,公司,2024-05-21,长城证券股份有限公司
通信设备行业跟踪报告：海通通信一周谈：OPENAI发布GPT...,行业,2024-05-21,海通证券股份有限公司
晨会纪要,晨报,2024-05-21,东吴证券股份有限公司
柏诚股份(601133)：订单高增贡献营收 竞争加剧压制毛利,公司,2024-05-21,国泰君安证券股份有限公司
2023年城投年报的新变化：化债之年城投的九大特征,债券,2024-05-21,国盛证券有限责任公司
麦高研究之每日市场观察,策略,2024-05-21,麦高证券有限责任公司
中国房地产行业专题-2023年房企盈利能力报告：9家房企净亏...,行业,2024-05-21,立鼎证券有限公司
固定收益专题：政府债券供给放量 乘数效应有多大？,债券,2024-05-21,国盛证券有限责任公司
华润微(688396)：24年Q1营收同比小幅下降 关注车载...,公司,2024-05-21,长城证券股份有限公司
大陆消费行业月报：4月社零不及预期 关注地产政策催化,行业,2024-05-21,群益证券(香港)有限公司
机械行业周报：地产政策有望带动工程机械复苏 宇树G1加速人形...,行业,2024-05-21,国泰君安证券股份有限公司
社会服务行业周报：政策预期强化 核心旺季临近 业绩提振可期,行业,2024-05-21,华龙证券股份有限公司
半导体行业系列跟踪：算力／存储／模拟行情持续催化 下周关注英...,行业,2024-05-21,华福证券有限责任公司
万达轴承(920002)：新股覆盖研究,公司,2024-05-21,华金证券股份有限公司
总量“创”辩第82期：博弈地产板块的“击球点”,宏观,2024-05-21,华创证券有限责任公司
中一科技(301150)：铜箔销量与收入保持增长 竞争加剧下盈利承压,创业板,2024-05-21,华创证券有限责任公司
医药生物行业周报：美国加关税预期落地 对低值耗材影响有限 生...,行业,2024-05-21,中邮证券有限责任公司
策略观点：地产政策超预期带来短期做多窗口,策略,2024-05-21,中邮证券有限责任公司
农林牧渔行业：本周猪价稳步上行 关注二育群体积极性变化,行业,2024-05-21,广发证券股份有限公司
珠海港(000507)：珠海港 2023年报点评 新能源运营...,公司,2024-05-21,太平洋证券股份有限公司
4月财政数据解读：财政支出节奏加快,宏观,2024-05-21,财通证券股份有限公司
非银行金融行业：上市险企2024年4月保费收入点评：保费表现...,行业,2024-05-21,招商证券股份有限公司
深度*行业*社服与消费视角点评4月国内宏观数据：社零消费数据...,行业,2024-05-21,中银国际证券股份有限公司
中银晨会聚焦,晨报,2024-05-21,中银国际证券股份有限公司
华光环能(600475)：环保能源综合服务商 绿氢装备蓄势待发,公司,2024-05-21,长江证券股份有限公司
房地产行业点评报告：住房贷款新政频出 保障房贷款加快去库存节...,行业,2024-05-21,开源证券股份有限公司
肉鸡养殖行业专题：白羽肉鸡行业投资框架2024年版,行业,2024-05-21,国信证券股份有限公司
2024年4月财政数据快评：收入下行 支出回暖 财政政策力度...,宏观,2024-05-21,国信证券股份有限公司
基本面高频数据跟踪：有色价格继续飙升 关注地产政策效果,债券,2024-05-21,国盛证券有限责任公司
资讯汇总：资本市场动态：中国人寿发起设立总规模100亿元银发...,策略,2024-05-21,国泰君安证券股份有限公司
血液制品报告：全球血液制品行业景气持续 新浆站和新品种共振蓝...,行业,2024-05-21,山西证券股份有限公司
赛轮轮胎(601058)公司信息更新报告：墨西哥项目奠基仪式...,公司,2024-05-21,开源证券股份有限公司
鑫新闻,策略,2024-05-21,银泰证券有限责任公司
晨会纪要,晨报,2024-05-21,财达证券股份有限公司
盛剑环境(603324)：半导体领域订单充足,公司,2024-05-21,国泰君安证券股份有限公司
恒生指数系列季检：短期流动性影响有限 可关注个股交易机会,策略,2024-05-21,浦银国际证券有限公司
基础化工行业点评：地产链行业点评：地产利好政策频出 地产链化...,行业,2024-05-21,华安证券股份有限公司
基础化工材料制品行业专题报告：新材料专题研究(6)：中国化工...,行业,2024-05-21,海通证券股份有限公司
盛视早参：资本市场进一步深化改革 A股慢牛基础不改变,晨报,2024-05-21,国盛证券有限责任公司
华龙内参2024年第89期 总第1648期(电子版)：房地产政策引爆市场,策略,2024-05-21,华龙证券股份有限公司
银河证券每日晨报,晨报,2024-05-21,中国银河证券股份有限公司
量化资产配置系列报告之九：基于基本面、市场情绪与动量因子的股...,基金,2024-05-21,平安证券股份有限公司
晨会,晨报,2024-05-21,万联证券股份有限公司
拱东医疗(605369)：2023年业绩短期承压 国际化步伐加速,公司,2024-05-21,国信证券股份有限公司
传媒互联网行业：5月国产游戏版号发放 暑期重点新游将陆续上线,行业,2024-05-21,中国银河证券股份有限公司
造纸轻工行业年报：造纸板块利润增长显著 轻工出口&个护及其他...,行业,2024-05-21,海通证券股份有限公司
电子行业动态点评：新一批安全可靠测评结果公告发布 信创CPU...,行业,2024-05-21,华泰证券股份有限公司
半导体行业动态分析：AI带动终端回暖 尖端先进封测需求增长强劲,行业,2024-05-21,华金证券股份有限公司
国泰君安晨报,晨报,2024-05-21,国泰君安证券股份有限公司
电力设备行业：工控观点更新：拐点向上 恢复增长信心,行业,2024-05-21,华福证券有限责任公司
造纸轻工行业周报：地产政策面持续回暖 家居板块弹性可期,行业,2024-05-21,海通证券股份有限公司
晨会纪要,晨报,2024-05-21,西部证券股份有限公司
建筑装饰行业投资策略周报：地产政策继续放松 建筑怎么配置,行业,2024-05-21,财通证券股份有限公司
5月20日信用债异常成交跟踪,债券,2024-05-21,国投证券股份有限公司
消费电子行业深度跟踪报告：季报业绩边际改善 关注GPT-4O...,行业,2024-05-21,招商证券股份有限公司
快递行业4月数据点评：新兴电商零售贡献快递增量 4月单量增速...,行业,2024-05-21,招商证券股份有限公司
晨会报告,晨报,2024-05-21,国信证券股份有限公司
欧圣电气(301187)首次覆盖报告：空气动力设备龙头 清洁...,创业板,2024-05-21,国泰君安证券股份有限公司
山东出版(601019)：探寻出版龙头的确定性、超预期和创新点,公司,2024-05-21,广发证券股份有限公司
金融行业周报：保险基本面改善预期提升 关注银行息差与房贷压力...,行业,2024-05-21,华龙证券股份有限公司
汽车行业周报：自主车企出海动作密集 乘用车出口销量可期,行业,2024-05-21,华龙证券股份有限公司
ETF周报：房地产及金融ETF表现较好 资金持续流入中证A50,基金,2024-05-21,华龙证券股份有限公司
食品饮料行业周观点：白酒小幅下跌 食饮企业逐步推进2024目...,行业,2024-05-21,万联证券股份有限公司
通信行业周观点：2024世界电信和信息社会日大会召开,行业,2024-05-21,万联证券股份有限公司
计算机行业周观点：继续关注AI产业大模型及算力的迭代更新,行业,2024-05-21,万联证券股份有限公司
龙大美食(002726)公司首次覆盖报告：“一体两翼”新布局...,公司,2024-05-21,开源证券股份有限公司
建材行业周报：地产政策密集出台 持续看好消费建材、玻纤等投资...,行业,2024-05-21,东北证券股份有限公司
晨会纪要,晨报,2024-05-21,国海证券股份有限公司
晨会聚焦,晨报,2024-05-21,中原证券股份有限公司
新凤鸣(603225)：长丝供需格局改善 一体化布局推动公司成长,公司,2024-05-21,东北证券股份有限公司
晨会焦点,晨报,2024-05-21,中国国际金融股份有限公司
公用事业行业周报：困局一周 电力6月大概率向好,行业,2024-05-21,海通国际证券集团有限公司
财政数据点评：土地出让金收支下滑或螺旋强化地产需求下行压力,宏观,2024-05-21,华金证券股份有限公司
申万宏源晨会报告,晨报,2024-05-21,上海申银万国证券研究所有限公司
江瀚新材(603281)首次覆盖：功能性硅烷领先企业 24Q...,公司,2024-05-21,海通国际证券集团有限公司
农心科技(001231)：农药制剂领先企业 积极拓展上游原药...,公司,2024-05-21,海通国际证券集团有限公司
宏观简评：5月17日地产政策解读：超预期的地产政策如何理解,宏观,2024-05-21,东海证券股份有限公司
食品饮料行业周报：地产政策积极 白酒需求有望修复,行业,2024-05-21,东海证券股份有限公司
新能源电力行业周报：光伏电池、组件短期盈利提升 关注各地海风...,行业,2024-05-21,东海证券股份有限公司
宏观经济点评：广义财政有望进一步发力,宏观,2024-05-21,开源证券股份有限公司
4月经济数据点评：经济分化延续 关注未来需求端变化,宏观,2024-05-21,万联证券股份有限公司
朝闻国盛：地产政策频发 家居预期修正 重视长久期资产低位配置...,晨报,2024-05-21,国盛证券有限责任公司
研究早观点,晨报,2024-05-21,山西证券股份有限公司
晨会纪要,晨报,2024-05-21,开源证券股份有限公司
商贸零售行业跟踪报告：4月印度培育钻石毛坯进口额同比跌幅缩小...,行业,2024-05-21,万联证券股份有限公司
宏观大类日报：有色板块整体启动 关注新一轮周期可能,宏观,2024-05-21,华泰期货有限公司
“双周期”框架体系下：如何有效“捕捉”风格与行业轮动？,策略,2024-05-21,国金证券股份有限公司
房地产行业点评报告：销售降幅扩大 开竣工及投资数据低位运行,行业,2024-05-21,开源证券股份有限公司
中小盘策略专题：SORA和世界模型殊途同归 自动驾驶行业有望加速,策略,2024-05-21,开源证券股份有限公司
农林牧渔行业深度研究：深度解析二次育肥 下半年猪价可期,行业,2024-05-21,国金证券股份有限公司
海通证券研究所每日报告精选,策略,2024-05-21,海通证券股份有限公司
计算机行业重大事项点评：信创：测评结果更新 重视行业边际变化,行业,2024-05-21,华创证券有限责任公司
综合金融服务行业周报：继续看好保险股估值修复,行业,2024-05-21,海通证券股份有限公司
2024年4月财政数据点评：广义支出有待加快,宏观,2024-05-21,海通证券股份有限公司
极米科技(688696)：利润阶段性承压 期待内外需协同改善,公司,2024-05-21,海通证券股份有限公司
晨会纪要,晨报,2024-05-21,平安证券股份有限公司
晨会集萃,晨报,2024-05-21,天风证券股份有限公司
新兴成长行业周报：智己L6全系标配ROBOSENSE激光雷达正式上市,行业,2024-05-21,国海证券股份有限公司
基础化工行业周报：工业一铵、PVC、维生素价格上涨 关注地产...,行业,2024-05-21,国海证券股份有限公司
农林牧渔行业周报：猪价进入上行期 养殖板块性机会来临,行业,2024-05-21,国海证券股份有限公司
债券研究周报：机构行为每周跟踪,债券,2024-05-21,国海证券股份有限公司
不动产与空间服务行业周评#391：上周楼市整体平稳 待政策效果,行业,2024-05-21,中国国际金融股份有限公司
家用电器行业事项点评：4月热泵出口环比增长 需求底部拐点将近,行业,2024-05-21,信达证券股份有限公司
通信行业点评：覆铜板价格上行 盈利水平持续修复,行业,2024-05-21,国盛证券有限责任公司
资本补充类工具专题：TLAC非资本债与二永债供给,债券,2024-05-21,民生证券股份有限公司
2024年4月快递数据点评：行业价值持续扩容 把握中通产品升...,行业,2024-05-21,上海申银万国证券研究所有限公司
贵金属行业专题报告：白银时代来临,行业,2024-05-21,民生证券股份有限公司
电子行业周报：GPT-4O横空出世 人机语音低延时交互时代开启,行业,2024-05-21,华鑫证券有限责任公司
巨化股份(600160)：受益制冷剂长景气 氟化工龙头向高端化蜕变,公司,2024-05-21,国联证券股份有限公司
长阳科技(688299)：反射膜业务稳中有进 CPI膜国产龙...,公司,2024-05-21,华鑫证券有限责任公司
通信行业深度：一文读懂量子计算原理,行业,2024-05-21,民生证券股份有限公司
国内需求周度跟踪：土地成交量价较弱 螺纹钢消费回升 整体价格...,债券,2024-05-21,天风证券股份有限公司
4月财政的3大信号：卖地收入下滑超两成,宏观,2024-05-21,国盛证券有限责任公司
非金属新材料行业专题研究：新材料23年报及24Q1综述,行业,2024-05-21,天风证券股份有限公司
电子行业周报：面板供给格局再度优化 下半年半导体有望迎来全面...,行业,2024-05-21,国信证券股份有限公司
消费电子行业研究周报：OPENAI和GOOGLE更新多模态 ...,行业,2024-05-21,天风证券股份有限公司
财富通每日策略,策略,2024-05-21,东莞证券股份有限公司
汽车行业研究周报：新能源汽车下乡：赋能乡村绿色出行 推动产业...,行业,2024-05-20,申港证券股份有限公司
社会服务行业周观点：“中国旅游日”出台利好措施 旅游市场注入...,行业,2024-05-20,万联证券股份有限公司
社会服务行业周报：五月主题思路继续发酵,行业,2024-05-20,财通证券股份有限公司
固收专题研究：万亿特别国债：节奏、冲击与影响,债券,2024-05-20,华泰证券股份有限公司
债市专题研究：基于欧奈尔杯柄理论看当前股债,债券,2024-05-20,浙商证券股份有限公司
每日报告回放,策略,2024-05-20,国泰君安证券股份有限公司
次新股周报：资金净流入比例新高 骏鼎达连续两周涨幅领衔,策略,2024-05-20,上海申银万国证券研究所有限公司
海思科(002653)：HSK16149获批DPNP 前景广阔,公司,2024-05-20,华泰证券股份有限公司
产业观察：数字经济周报：OPENAI发布全新GPT-4O模型,策略,2024-05-20,国泰君安证券股份有限公司
房地产行业点评报告：房价同环比降幅继续扩大 地产优化政策值得...,行业,2024-05-20,开源证券股份有限公司
医药生物行业周报：板块短期调整 行业有望逐季回暖,行业,2024-05-20,东海证券股份有限公司
银行行业深度报告：2024年上市银行一季报业绩解读：利润增速...,行业,2024-05-20,中国银河证券股份有限公司
化妆品医美行业胶原蛋白深度：美丽健康下一代成分王者 胶原蛋白...,行业,2024-05-20,上海申银万国证券研究所有限公司
ETF策略周报：月度分红产品趋势渐显,基金,2024-05-20,华宝证券股份有限公司
食品饮料行业周报：政策催化 关注白酒预期改善,行业,2024-05-20,华龙证券股份有限公司
天齐锂业(002466)：受高价精矿库存和SQM11亿美元税...,公司,2024-05-20,华福证券有限责任公司
新能源车产业跟踪：小米与京东达成战略合作 小鹏XNGP城区智...,策略,2024-05-20,国泰君安证券股份有限公司
机器人产业周报：OPENAI发布GPT-4O模型,策略,2024-05-20,国泰君安证券股份有限公司
家用电器业行业：央行发布重磅地产政策 家空内外销延续较好表现,行业,2024-05-20,国泰君安证券股份有限公司
环保行业：污染源扩容 催生多行业需求,行业,2024-05-20,国泰君安证券股份有限公司
国债期货周度跟踪：主力合约切换后的国债期货策略选择,债券,2024-05-20,国泰君安证券股份有限公司
公用环保202405第3期：国家发改委发布《电力市场运行基本...,行业,2024-05-20,国信证券股份有限公司
国联证券(601456)：并购方案落地 业务整合开启,公司,2024-05-20,国信证券股份有限公司
力芯微(688601)：消费电子结构性回暖 2024Q1利润大幅增长,公司,2024-05-20,华鑫证券有限责任公司
山西汾酒(600809)：品牌渠道基石稳固 产品区域轮动发力,公司,2024-05-20,华鑫证券有限责任公司
建筑和工程行业周报：房地产重磅政策出台 竣工端或迎边际改善,行业,2024-05-20,光大证券股份有限公司
半导体封测行业深度报告：摩尔定律重要方向 先进封装大有可为,行业,2024-05-20,华福证券有限责任公司
中国通号(688009)：盈利能力进一步提升 铁路订单创近五...,公司,2024-05-20,长江证券股份有限公司
恒瑞医药(600276)：GLP-1产品组合对外授权 创新出海密集兑现,公司,2024-05-20,东方证券股份有限公司
债券研究：密集政策下地产后周期转债的机会,债券,2024-05-20,国泰君安证券股份有限公司
市场中性策略基金系列(三)：产品打分框架及公私募绩效比较,基金,2024-05-20,海通证券股份有限公司
酒鬼酒(000799)：业绩仍承压 改革初见效,公司,2024-05-20,海通证券股份有限公司
基础化工行业周报：R32价格持续上涨 关注制冷剂投资机会,行业,2024-05-20,中邮证券有限责任公司
机器人产业链之丝杠行业机会,行业,2024-05-20,恒泰证券股份有限公司
希荻微(688173)：内外联动拓展产品线 延伸汽车、通信等前沿领域,公司,2024-05-20,中邮证券有限责任公司
锦江酒店(600754)：多维优化架构理顺 释放长期潜力,公司,2024-05-20,国泰君安证券股份有限公司
国防军工行业：大飞机和航空出口景气度持续抬升 新兴产业进展加...,行业,2024-05-20,广发证券股份有限公司
流动性打分周报：地产债和涉房城投债流动性上升,债券,2024-05-20,中邮证券有限责任公司
轻工制造行业周报：地产政策频发 家居预期修正 重视长久期资产...,行业,2024-05-20,国盛证券有限责任公司
市场策略报告：金融板块配置价值提升,策略,2024-05-20,首创证券股份有限公司
市场策略报告：MLF配合超长期特别国债等量平价续作,策略,2024-05-20,首创证券股份有限公司
机械设备行业投资周报：经济托底政策频出 积极关注顺周期板块,行业,2024-05-20,广发证券股份有限公司
公用事业行业深度跟踪：评估电改、煤价与发用电数据：电力的分歧...,行业,2024-05-20,广发证券股份有限公司
交通运输行业周报：快递行业需求景气且竞争趋缓 集运运价维持强...,行业,2024-05-20,国信证券股份有限公司
重庆啤酒(600132)：量价齐升收入稳增 成本下行盈利改善,公司,2024-05-20,海通证券股份有限公司
海泰新光(688677)：大客户新品延期影响逐步消化 发货量...,公司,2024-05-20,海通证券股份有限公司
机械行业周报：宇树发布第二款通用人形机器人G1 工程机械有望...,行业,2024-05-20,中国银河证券股份有限公司
光伏设备新技术系列(1)：去银化技术加速量产,行业,2024-05-20,中国国际金融股份有限公司
有色金属：锂盐下游库存累积 短期镍价有所提振,行业,2024-05-20,中国国际金融股份有限公司
固收定期报告：收益率继续下行 中长期债基久期下降明显,债券,2024-05-20,财通证券股份有限公司
A股投资策略周报告：政策发力内生增长 稳定市场预期,策略,2024-05-20,华龙证券股份有限公司
北方铜业(000737)：Q1业绩超预期 铜价上涨将进一步催化业绩释放,公司,2024-05-20,华福证券有限责任公司
“设备与经济”系列周观点：房市迎来重磅利好政策 工程机械有望...,行业,2024-05-20,招商证券股份有限公司
商贸社服行业周报：京东即时零售升级“京东秒送” 天猫618发...,行业,2024-05-20,招商证券股份有限公司
化工行业周报2024年5月第3周：异丁醛、R32价格持续上涨...,行业,2024-05-20,招商证券股份有限公司
农林牧渔行业周报：猪价持续上行 关注北方小麦收成,行业,2024-05-20,招商证券股份有限公司
计算机行业周报：大模型API降价趋势下 看好AI应用加速落地,行业,2024-05-20,华龙证券股份有限公司
电新&公用行业周报：藏东南特高压可研招标 水电发电量高增,行业,2024-05-20,华龙证券股份有限公司
低空经济系列(一)：混动电推进技术,策略,2024-05-20,国泰君安证券股份有限公司
中国建筑(601668)：4月新签增23% 地产权益销售额排名第一,公司,2024-05-20,国泰君安证券股份有限公司
化工周报：房地产政策频出 关注地产链相关化工股化工行业报告,行业,2024-05-20,恒泰证券股份有限公司
东兴晨报,晨报,2024-05-20,东兴证券股份有限公司
传媒行业周报：国内外AI大模型重磅迭代 应用落地场景加速,行业,2024-05-20,恒泰证券股份有限公司
机械设备行业周报：核能发展再迎利好 通用设备复苏存预期,行业,2024-05-20,华龙证券股份有限公司
信用策略周报：短久期低评级产业债表现较好,债券,2024-05-20,国泰君安证券股份有限公司
汽车智能化赛道1Q24&2023财报总结：需求有增量+成本有...,行业,2024-05-20,长城证券股份有限公司
投资策略周报：图解本周A股估值风格变化,策略,2024-05-20,长城证券股份有限公司
国泰君安晨报,晨报,2024-05-20,国泰君安证券股份有限公司
农林牧渔：从市场三方主体博弈推演生猪养殖行业后续发展趋势,行业,2024-05-20,华福证券有限责任公司
债券发行人2023年年报和2024年一季报点评：内外部现金流...,债券,2024-05-20,中国国际金融股份有限公司
航空货运与物流Ⅲ：竞争底线强化 从薄利多销走向量利双增,行业,2024-05-20,长江证券股份有限公司
策略专题报告：地产链拥挤度如何？,策略,2024-05-20,东北证券股份有限公司
光伏行业周报：美国关税政策密集变动 东南亚四国双反调查或影响...,行业,2024-05-20,甬兴证券有限公司
光伏设备行业深度研究：0BB量产节点延长设备行业景气度,行业,2024-05-20,国联证券股份有限公司
农林牧渔行业2023年报&2024年一季报总结：养殖景气低迷...,行业,2024-05-20,上海申银万国证券研究所有限公司
